email,first_login,last_login,firebase_uid,role
janidu12@gmail.com,2025-10-16,2025-10-16,FLTM8lc9d1Magh8Fpgnsk2YKXl73,expert
janindu54@gmail.com,2025-10-16,2025-10-16,Zt8HiA4pbsMg5L6TC2u6A9dR9KM2,expert
janindu38@gmail.com,2025-10-16,2025-10-16,T2NXziH3h6Q3KhceG6ik5X7NeGy1,expert
janindu29@gmail.com,2025-10-16,2025-10-16,qvcbleuFouRafa0jFegBnBvHs5A2,expert
janindu99@gmail.com,2025-10-16,2025-10-16,RRh2uo6w1seISLfFp81rA8VUFSq1,expert
pubudu@manoj1.com,2025-10-16,2025-10-16,7OiRSAzufdRN0ccQM13TFYbCPgu2,expert
janithalakshan0124@gmail.com,2025-10-16,2025-10-16,w6W5eTAckDOcNI79FMGyDQXrjCf,expert
asith4@gmail.com,2025-10-15,2025-10-15,vvXjetu98wey00DC0yTOFvdNwjk2,expert
asith2@gmail.com,2025-10-15,2025-10-15,W7OQfXCiu0Mzqw0lZzD8CRdZoKz1,expert
pubudu@user4.com,2025-10-15,2025-10-15,oYXSk2d8IVYDosngDhLTxbij20L2,expert
pubudu@user3.com,2025-10-15,2025-10-15,Z488hfG444RQVcXSCDVLFAAHAMh2,expert
pubudu@user2.com,2025-10-15,2025-10-15,Q90m9NqfekcWD7tYUiQenyDILqB3,expert
pubudugemini@gmail.com,2025-10-15,2025-10-15,36OeoQ25U0Vs0FcaGJ0YB9jmUVl1,expert
pubudu@gemini.com,2025-10-15,2025-10-15,TBLPQ6xxaLbfR3wtV6yHn3y98BM2,expert
admin@gmail.com,2025-10-01,2025-10-16,ZttyzR9g0tYvk69aJyxbv4t9Yz82,admin
pubudu2@ekanayaka.com,2025-09-17,2025-09-17,KTy2JRuNcMeDuexHXmZHHqKaT4O2,expert
manoj@ekanayaka.com,2025-09-17,2025-09-17,Fn1ShnFfq9YV5m8mxxErZrTQZYx2,expert
pubudu@ekanayaka.com,2025-09-16,2025-09-17,FMln1h5A2SQEo8pfYQZ9XISUAN23,expert
expert@gmail.com,2025-09-14,2025-10-16,lotaW15pxRfjUmChnLd9jSHSaZx2,expert
user@gmail.com,2025-09-14,2025-10-16,TofKaKhGUlewv9CrWfkfbkg0CfF2,client
pubudu@manoj.com,2025-09-13,2025-10-16,uvBxK1j1Aue0CTUcYQt8YNwpnmf2,expert
pubudu@user.com,2025-09-13,2025-09-13,yUBy9DNS9qRwC56Sd649t52HuhS2,client
pubudu@addwise.com,2025-09-12,2025-09-26,e5ef6G4aSATGfIWm6v385yIRoRJ2,expert
pubudumanoj082@gmail.com,2025-09-10,2025-10-16,x4cN3ucp1JcZN5DPgStKicuEMmb2,expert
asithdilusha3@gmail.com,2025-09-09,2025-09-09,OUXqy7B3X2OAfsKQ7Jzwzdczu182,expert
janindu93@gmail.com,2025-09-09,2025-10-15,IkEDdoJ7xvZk3tMZyKgakshsGoG2,expert
janindu59@gmail.com,2025-09-09,2025-09-09,qnAbqLyJuhYwWNqeKvtcRFI2CUx2,expert
janindu98@gmail.com,2025-09-08,2025-09-14,0RwaHXyFXFVjLKyWoso8YaVeihz2,expert
janindu78@gmail.com,2025-09-08,2025-10-16,SFLCCUIjrdf7eEf6mL8w3gISgNF3,expert
deanwestuom@gmail.com,2025-09-08,2025-09-08,dzYIk2dkwnPR0WyYxtr1iDCmWxC3,expert
janidu34@gmail.com,2025-09-08,2025-09-08,iKwfYyVFLBbfXM4GqD9zmiZIxCk1,expert
janidu.22@cse.mrt.ac.lk,2025-09-08,2025-09-08,INQA9vYuhWRWsmAONJTII14SmLP2,expert
janidu1234666578@gmail.com,2025-09-04,2025-09-04,PVSq1HVXeZM4L8FSebN7OKSojGu2,expert
janidu1234578@gmail.com,2025-09-04,2025-09-04,DjNOCdnXuTWlkYP7ncXUuzMkH7Z2,expert
janidu20074@gmail.com,2025-09-03,2025-09-03,XJOIUNm6cGgYezGmCLMwdZE0l5t1,expert
janidu20064@gmail.com,2025-09-03,2025-09-03,kX4dv5HHLQY0k2fb2djGiT5tTCL2,expert
janidu20094@gmail.com,2025-09-03,2025-09-03,IogFzdXht0ZBxcmZwoab0H0oaDI2,expert
janidu20093@gmail.com,2025-09-03,2025-09-03,bYTaN8m6NrWUIcF0QquKVL349yz2,expert
janidu200555@gmail.com,2025-09-03,2025-09-03,YewadbXuFecAfTZZwPyg76zJQHT2,expert
janidu20053@gmail.com,2025-09-03,2025-09-03,cGNFLGudisd5GUxQNFebEU84Ue03,expert
janidu20043@gmail.com,2025-09-03,2025-09-03,bVOpoFjR9pgF2qU7ZaUooCzh4Tx2,expert
janidu2004@gmail.com,2025-09-03,2025-09-03,Ou3aB043GlcgGvCTFor5vPI4rW73,expert
janidu2008@gmail.com,2025-09-03,2025-09-03,0bAsnYLz3LT1tGW9FDJemMjFNbZ2,expert
janidu2007@gmail.com,2025-09-03,2025-09-03,w8IvUC5a9XbATderVzpbaDL9Fhf2,expert
janidu2006@gmail.com,2025-09-03,2025-09-03,9arCHcQtdmeu80sVdZfzO2ONCAm2,expert
janidu2002@gmail.com,2025-09-03,2025-09-03,mZ4Y14UtjXUw1TYyIOqg1hgRMc02,expert
janidu2003@gmail.com,2025-09-03,2025-09-03,fxyzUwNtfUPMwofjdPmDv1Srr3k2,expert
janidu2003@gmail.com_duplicate,2025-09-03,2025-09-03,p9dYIjYpHlQ9GyopSnO7UFe1MZA2,expert
jdissanayaka2002@gmail.com,2025-09-03,2025-09-03,J0JHiubuQVXaPN4lzo7U23mfIk,expert
